sentiment_score,leverage
2.0,19613094.381428737
3.0,89908220.74684782
