sentiment_score,is_profitable
2.0,0.3171824674415348
3.0,0.44647138251260715
